"","name1","name2","name3","name4","name5","name6","value"
"1","AirportResource","Airports","Airport","AirportCode",NA,NA,"FRA"
"2","AirportResource","Airports","Airport","Position","Coordinate","Latitude","50.0331"
"3","AirportResource","Airports","Airport","Position","Coordinate","Longitude","8.5706"
"4","AirportResource","Airports","Airport","CityCode",NA,NA,"FRA"
"5","AirportResource","Airports","Airport","CountryCode",NA,NA,"DE"
"6","AirportResource","Airports","Airport","LocationType",NA,NA,"Airport"
"7","AirportResource","Airports","Airport","Names","Name","@LanguageCode1","xx"
"8","AirportResource","Airports","Airport","Names","Name","@LanguageCode2","de"
"9","AirportResource","Airports","Airport","Names","Name","@LanguageCode3","ru"
"10","AirportResource","Airports","Airport","Names","Name","@LanguageCode4","ko"
"11","AirportResource","Airports","Airport","Names","Name","@LanguageCode5","pt"
"12","AirportResource","Airports","Airport","Names","Name","@LanguageCode6","en"
"13","AirportResource","Airports","Airport","Names","Name","@LanguageCode7","it"
"14","AirportResource","Airports","Airport","Names","Name","@LanguageCode8","fr"
"15","AirportResource","Airports","Airport","Names","Name","@LanguageCode9","es"
"16","AirportResource","Airports","Airport","Names","Name","@LanguageCode10","ka"
"17","AirportResource","Airports","Airport","Names","Name","@LanguageCode11","ja"
"18","AirportResource","Airports","Airport","Names","Name","@LanguageCode12","mi"
"19","AirportResource","Airports","Airport","Names","Name","@LanguageCode13","pl"
"20","AirportResource","Airports","Airport","Names","Name","$1","Frankfurt/Main International"
"21","AirportResource","Airports","Airport","Names","Name","$2","Frankfurt/Main International"
"22","AirportResource","Airports","Airport","Names","Name","$3","Frankfurt/Main International"
"23","AirportResource","Airports","Airport","Names","Name","$4","Frankfurt/Main International"
"24","AirportResource","Airports","Airport","Names","Name","$5","Frankfurt/Main International"
"25","AirportResource","Airports","Airport","Names","Name","$6","Frankfurt/Main International"
"26","AirportResource","Airports","Airport","Names","Name","$7","Francoforte - Frankfurt/Main International"
"27","AirportResource","Airports","Airport","Names","Name","$8","Frankfurt/Main International"
"28","AirportResource","Airports","Airport","Names","Name","$9","Frankfurt/Main International"
"29","AirportResource","Airports","Airport","Names","Name","$10","Frankfurt/Main International"
"30","AirportResource","Airports","Airport","Names","Name","$11","Frankfurt/Main International"
"31","AirportResource","Airports","Airport","Names","Name","$12","Frankfurt/Main International"
"32","AirportResource","Airports","Airport","Names","Name","$13","Frankfurt/Main International"
"33","AirportResource","Airports","Airport","UtcOffset",NA,NA,"1.0"
"34","AirportResource","Airports","Airport","TimeZoneId",NA,NA,"Europe/Berlin"
"35","AirportResource","Meta","@Version",NA,NA,NA,"1.0.0"
"36","AirportResource","Meta","Link","@Href1",NA,NA,"https://api.lufthansa.com/v1/references/airports/FRA"
"37","AirportResource","Meta","Link","@Href2",NA,NA,"https://api.lufthansa.com/v1/references/cities/FRA"
"38","AirportResource","Meta","Link","@Href3",NA,NA,"https://api.lufthansa.com/v1/references/countries/DE"
"39","AirportResource","Meta","Link","@Href4",NA,NA,"http://travelguide.lufthansa.com/de/de/{cityCode}/FRA"
"40","AirportResource","Meta","Link","@Href5",NA,NA,"http://travelguide.lufthansa.com/de/en/{cityCode}/FRA"
"41","AirportResource","Meta","Link","@Href6",NA,NA,"http://travelguide.lufthansa.com/de/es/{cityCode}/FRA"
"42","AirportResource","Meta","Link","@Href7",NA,NA,"http://travelguide.lufthansa.com/de/fr/{cityCode}/FRA"
"43","AirportResource","Meta","Link","@Href8",NA,NA,"http://travelguide.lufthansa.com/de/it/{cityCode}/FRA"
"44","AirportResource","Meta","Link","@Href9",NA,NA,"http://travelguide.lufthansa.com/de/pt/{cityCode}/FRA"
"45","AirportResource","Meta","Link","@Rel1",NA,NA,"self"
"46","AirportResource","Meta","Link","@Rel2",NA,NA,"related"
"47","AirportResource","Meta","Link","@Rel3",NA,NA,"related"
"48","AirportResource","Meta","Link","@Rel4",NA,NA,"alternate"
"49","AirportResource","Meta","Link","@Rel5",NA,NA,"alternate"
"50","AirportResource","Meta","Link","@Rel6",NA,NA,"alternate"
"51","AirportResource","Meta","Link","@Rel7",NA,NA,"alternate"
"52","AirportResource","Meta","Link","@Rel8",NA,NA,"alternate"
"53","AirportResource","Meta","Link","@Rel9",NA,NA,"alternate"
"54","AirlineResource","Airlines","Airline","AirlineID",NA,NA,"LH"
"55","AirlineResource","Airlines","Airline","AirlineID_ICAO",NA,NA,"DLH"
"56","AirlineResource","Airlines","Airline","Names","Name","@LanguageCode","EN"
"57","AirlineResource","Airlines","Airline","Names","Name","$","Lufthansa"
"58","AirlineResource","Meta","@Version",NA,NA,NA,"1.0.0"
"59","AirlineResource","Meta","Link","@Href",NA,NA,"https://api.lufthansa.com/v1/mds-references/airlines/LH"
"60","AirlineResource","Meta","Link","@Rel",NA,NA,"self"
"61","LoungeResource","Lounges","Lounge","Names","Name","@LanguageCode1","en"
"62","LoungeResource","Lounges","Lounge","Names","Name","@LanguageCode2","en"
"63","LoungeResource","Lounges","Lounge","Names","Name","@LanguageCode3","en"
"64","LoungeResource","Lounges","Lounge","Names","Name","@LanguageCode4","en"
"65","LoungeResource","Lounges","Lounge","Names","Name","@LanguageCode5","en"
"66","LoungeResource","Lounges","Lounge","Names","Name","@LanguageCode6","en"
"67","LoungeResource","Lounges","Lounge","Names","Name","@LanguageCode7","en"
"68","LoungeResource","Lounges","Lounge","Names","Name","@LanguageCode8","en"
"69","LoungeResource","Lounges","Lounge","Names","Name","@LanguageCode9","en"
"70","LoungeResource","Lounges","Lounge","Names","Name","@LanguageCode10","en"
"71","LoungeResource","Lounges","Lounge","Names","Name","@LanguageCode11","en"
"72","LoungeResource","Lounges","Lounge","Names","Name","@LanguageCode12","en"
"73","LoungeResource","Lounges","Lounge","Names","Name","@LanguageCode13","en"
"74","LoungeResource","Lounges","Lounge","Names","Name","@LanguageCode14","en"
"75","LoungeResource","Lounges","Lounge","Names","Name","@LanguageCode15","en"
"76","LoungeResource","Lounges","Lounge","Names","Name","$1","Lufthansa Business Class Lounge"
"77","LoungeResource","Lounges","Lounge","Names","Name","$2","Lufthansa Business Class Lounge"
"78","LoungeResource","Lounges","Lounge","Names","Name","$3","Lufthansa Business Class Lounge"
"79","LoungeResource","Lounges","Lounge","Names","Name","$4","Lufthansa Senator Lounge"
"80","LoungeResource","Lounges","Lounge","Names","Name","$5","Lufthansa First Class Lounge"
"81","LoungeResource","Lounges","Lounge","Names","Name","$6","Lufthansa Senator Lounge"
"82","LoungeResource","Lounges","Lounge","Names","Name","$7","Lufthansa Business Class Lounge"
"83","LoungeResource","Lounges","Lounge","Names","Name","$8","Lufthansa First Class Lounge"
"84","LoungeResource","Lounges","Lounge","Names","Name","$9","Lufthansa First Class Terminal"
"85","LoungeResource","Lounges","Lounge","Names","Name","$10","Lufthansa Senator Lounge"
"86","LoungeResource","Lounges","Lounge","Names","Name","$11","Lufthansa Business Class Lounge"
"87","LoungeResource","Lounges","Lounge","Names","Name","$12","Lufthansa Business Class Lounge"
"88","LoungeResource","Lounges","Lounge","Names","Name","$13","Lufthansa Welcome Lounge"
"89","LoungeResource","Lounges","Lounge","Names","Name","$14","Lufthansa Senator Lounge"
"90","LoungeResource","Lounges","Lounge","Names","Name","$15","Lufthansa Business Class Lounge"
"91","LoungeResource","Lounges","Lounge","AirportCode1",NA,NA,"FRA"
"92","LoungeResource","Lounges","Lounge","AirportCode2",NA,NA,"FRA"
"93","LoungeResource","Lounges","Lounge","AirportCode3",NA,NA,"FRA"
"94","LoungeResource","Lounges","Lounge","AirportCode4",NA,NA,"FRA"
"95","LoungeResource","Lounges","Lounge","AirportCode5",NA,NA,"FRA"
"96","LoungeResource","Lounges","Lounge","AirportCode6",NA,NA,"FRA"
"97","LoungeResource","Lounges","Lounge","AirportCode7",NA,NA,"FRA"
"98","LoungeResource","Lounges","Lounge","AirportCode8",NA,NA,"FRA"
"99","LoungeResource","Lounges","Lounge","AirportCode9",NA,NA,"FRA"
"100","LoungeResource","Lounges","Lounge","AirportCode10",NA,NA,"FRA"
"101","LoungeResource","Lounges","Lounge","AirportCode11",NA,NA,"FRA"
"102","LoungeResource","Lounges","Lounge","AirportCode12",NA,NA,"FRA"
"103","LoungeResource","Lounges","Lounge","AirportCode13",NA,NA,"FRA"
"104","LoungeResource","Lounges","Lounge","AirportCode14",NA,NA,"FRA"
"105","LoungeResource","Lounges","Lounge","AirportCode15",NA,NA,"FRA"
"106","LoungeResource","Lounges","Lounge","CityCode1",NA,NA,"FRA"
"107","LoungeResource","Lounges","Lounge","CityCode2",NA,NA,"FRA"
"108","LoungeResource","Lounges","Lounge","CityCode3",NA,NA,"FRA"
"109","LoungeResource","Lounges","Lounge","CityCode4",NA,NA,"FRA"
"110","LoungeResource","Lounges","Lounge","CityCode5",NA,NA,"FRA"
"111","LoungeResource","Lounges","Lounge","CityCode6",NA,NA,"FRA"
"112","LoungeResource","Lounges","Lounge","CityCode7",NA,NA,"FRA"
"113","LoungeResource","Lounges","Lounge","CityCode8",NA,NA,"FRA"
"114","LoungeResource","Lounges","Lounge","CityCode9",NA,NA,"FRA"
"115","LoungeResource","Lounges","Lounge","CityCode10",NA,NA,"FRA"
"116","LoungeResource","Lounges","Lounge","CityCode11",NA,NA,"FRA"
"117","LoungeResource","Lounges","Lounge","CityCode12",NA,NA,"FRA"
"118","LoungeResource","Lounges","Lounge","CityCode13",NA,NA,"FRA"
"119","LoungeResource","Lounges","Lounge","CityCode14",NA,NA,"FRA"
"120","LoungeResource","Lounges","Lounge","CityCode15",NA,NA,"FRA"
"121","LoungeResource","Lounges","Lounge","Locations","Location","@LanguageCode1","de"
"122","LoungeResource","Lounges","Lounge","Locations","Location","@LanguageCode2","en"
"123","LoungeResource","Lounges","Lounge","Locations","Location","$1","Terminal 1, Abflugbereich B44 (Non-Schengen), in der Nähe der Gates B44-B48. Lounge bietet eine „JetFriends“-Kinderlounge"
"124","LoungeResource","Lounges","Lounge","Locations","Location","$2","Business Lounge B44 - Terminal 1, departure area B (Non-Schengen), near gates B44-B48. Lounge offers a “Jet Friends�? lounge for children"
"125","LoungeResource","Lounges","Lounge","Locations","Location","@LanguageCode1","de"
"126","LoungeResource","Lounges","Lounge","Locations","Location","@LanguageCode2","en"
"127","LoungeResource","Lounges","Lounge","Locations","Location","$1","Terminal 1, Abflugbereich Z50, Ebene 3 (Non-Schengen), gegenüber vom Duty Free Shop, in Richtung Gate Z50"
"128","LoungeResource","Lounges","Lounge","Locations","Location","$2","Business Lounge Z50 - Terminal 1, departure area Z, level 3 (Non-Schengen), opposite to Duty Free Shop in direction of gate Z50"
"129","LoungeResource","Lounges","Lounge","Locations","Location","@LanguageCode1","de"
"130","LoungeResource","Lounges","Lounge","Locations","Location","@LanguageCode2","en"
"131","LoungeResource","Lounges","Lounge","Locations","Location","$1","Business Lounge A13 - Terminal 1, Abflugbereich A (Schengen), gegenüber vom Duty Free Shop, in der Nähe von Gate A13"
"132","LoungeResource","Lounges","Lounge","Locations","Location","$2","Business Lounge A13 - Terminal 1, departure area A (Schengen), opposite to Duty Free Shop. Next to gate A13"
"133","LoungeResource","Lounges","Lounge","Locations","Location","@LanguageCode1","de"
"134","LoungeResource","Lounges","Lounge","Locations","Location","@LanguageCode2","en"
"135","LoungeResource","Lounges","Lounge","Locations","Location","$1","Terminal 1, Abflugbereich Z50 (Non-Schengen), gegenüber vom Duty Free Shop, in Richtung Gate Z50"
"136","LoungeResource","Lounges","Lounge","Locations","Location","$2","Senator Lounge Z50 - Terminal 1, departure area Z (Non-Schengen), opposite to Duty Free Shop in direction of gate Z50"
"137","LoungeResource","Lounges","Lounge","Locations","Location","@LanguageCode1","de"
"138","LoungeResource","Lounges","Lounge","Locations","Location","@LanguageCode2","en"
"139","LoungeResource","Lounges","Lounge","Locations","Location","@LanguageCode3","es"
"140","LoungeResource","Lounges","Lounge","Locations","Location","@LanguageCode4","fr"
"141","LoungeResource","Lounges","Lounge","Locations","Location","@LanguageCode5","it"
"142","LoungeResource","Lounges","Lounge","Locations","Location","@LanguageCode6","ja"
"143","LoungeResource","Lounges","Lounge","Locations","Location","@LanguageCode7","ka"
"144","LoungeResource","Lounges","Lounge","Locations","Location","@LanguageCode8","ko"
"145","LoungeResource","Lounges","Lounge","Locations","Location","@LanguageCode9","pl"
"146","LoungeResource","Lounges","Lounge","Locations","Location","@LanguageCode10","pt"
"147","LoungeResource","Lounges","Lounge","Locations","Location","@LanguageCode11","ru"
"148","LoungeResource","Lounges","Lounge","Locations","Location","$1","Terminal 1, Abflugbereich B22 (Non-Schengen). Zugang neben Gate B22"
"149","LoungeResource","Lounges","Lounge","Locations","Location","$2","First Class Lounge B22 - Terminal 1, departure area B (Non-Schengen), next to gate B22"
"150","LoungeResource","Lounges","Lounge","Locations","Location","$3","Nueva Lufthansa First Class Lounge: Terminal B, Nivel 3, junto a la puerta de embarque B22"
"151","LoungeResource","Lounges","Lounge","Locations","Location","$4","Nouveau Lufthansa First Class Lounge : Terminal B, niveau 3, porte B22"
"152","LoungeResource","Lounges","Lounge","Locations","Location","$5","Nuova First Class Lounge Lufthansa: Terminal B, livello 3, accanto al gate B22"
"153","LoungeResource","Lounges","Lounge","Locations","Location","$6","ルフト�?ンザ�?�新ファーストクラスラウンジ：ターミナルBレベル3ゲートB22横"
"154","LoungeResource","Lounges","Lounge","Locations","Location","$7","新的德國漢莎航空頭等貴賓候機室：�?於B22閘�?�3樓B機場大樓"
"155","LoungeResource","Lounges","Lounge","Locations","Location","$8","새로운 루프트한�? �?�스트 �?�래스 �?�운지: 터미�? B, 3층, B22 탑승구�? 위치"
"156","LoungeResource","Lounges","Lounge","Locations","Location","$9","Nowa Poczekalnia Lufthansy dla pasażerów Pierwszej Klasy: Terminal B, Poziom 3, przy stanowisku  odlotów Gate B22"
"157","LoungeResource","Lounges","Lounge","Locations","Location","$10","A nova First Class Lounge da Lufthansa: Terminal B, Nível 3, junto à Porta de Embarque B22"
"158","LoungeResource","Lounges","Lounge","Locations","Location","$11","�?овый зал ожидани�? дл�? па�?�?ажиров Первого кла�?�?а авиакомпании Lufthansa: Терминал B, Уровень 3, Выход B22"
"159","LoungeResource","Lounges","Lounge","Locations","Location","@LanguageCode1","de"
"160","LoungeResource","Lounges","Lounge","Locations","Location","@LanguageCode2","en"
"161","LoungeResource","Lounges","Lounge","Locations","Location","$1","Terminal 1, Abflugbereich B43 (Non-Schengen). Zugang neben Gate B43"
"162","LoungeResource","Lounges","Lounge","Locations","Location","$2","Senator Lounge B43. Terminal 1, departure area B (Non-Schengen), next to Gate B43"
"163","LoungeResource","Lounges","Lounge","Locations","Location","@LanguageCode1","de"
"164","LoungeResource","Lounges","Lounge","Locations","Location","@LanguageCode2","en"
"165","LoungeResource","Lounges","Lounge","Locations","Location","$1","Terminal 1, Abflugbereich B24 (Non-Schengen), in der Nähe der Gates B24-B28"
"166","LoungeResource","Lounges","Lounge","Locations","Location","$2","Business Lounge B24 - Terminal 1, departure area B (Non-Schengen), near gates B24-B28"
"167","LoungeResource","Lounges","Lounge","Locations","Location","@LanguageCode1","de"
"168","LoungeResource","Lounges","Lounge","Locations","Location","@LanguageCode2","en"
"169","LoungeResource","Lounges","Lounge","Locations","Location","$1","Terminal 1, Abflugbereich A13 (Schengen), gegenüber vom Duty Free Shop, in der Nähe von Gate A13"
"170","LoungeResource","Lounges","Lounge","Locations","Location","$2","First Class Lounge A13 - Terminal 1, departure area A (Schengen), opposite to Duty Free Shop, next to gate A13"
"171","LoungeResource","Lounges","Lounge","Locations","Location","@LanguageCode1","de"
"172","LoungeResource","Lounges","Lounge","Locations","Location","@LanguageCode2","en"
"173","LoungeResource","Lounges","Lounge","Locations","Location","$1","Mit dem Auto kommend folgen Sie der Beschilderung zur Abflug-Ebene des Terminal 1. Vor dem Terminal 1 biegen Sie rechts ab zum First Class Terminal."
"174","LoungeResource","Lounges","Lounge","Locations","Location","$2","First Class Terminal. Arriving by car follow the signs to the departure level of Terminal 1. Before you reach Terminal 1 turn right towards the First Class Terminal."
"175","LoungeResource","Lounges","Lounge","Locations","Location","@LanguageCode1","de"
"176","LoungeResource","Lounges","Lounge","Locations","Location","@LanguageCode2","en"
"177","LoungeResource","Lounges","Lounge","Locations","Location","$1","Terminal 1, Abflugbereich C (Non-Schengen). Zugang bei den Gates C14/C15. Lounge bietet direkten Zugang ins Flugzeug für die Gates C14, C15 und C16 ohne die Lounge zu verlassen."
"178","LoungeResource","Lounges","Lounge","Locations","Location","$2","Senator Lounge C. Terminal 1, departure area C (Non-Schengen), near gates C14/C15. Lounge offers direct boarding access to the planes at gates C14, C15 and C16 without leaving the lounge."
"179","LoungeResource","Lounges","Lounge","Locations","Location","@LanguageCode1","de"
"180","LoungeResource","Lounges","Lounge","Locations","Location","@LanguageCode2","en"
"181","LoungeResource","Lounges","Lounge","Locations","Location","$1","Terminal 1, Abflugbereich C (Non-Schengen). Zugang in der Nähe der Gates C14/C15. Lounge bietet direkten Zugang ins Flugzeug für die Gates C14 und C15 ohne die Lounge zu verlassen."
"182","LoungeResource","Lounges","Lounge","Locations","Location","$2","Priority Gate C14-C15. Terminal 1, departure area C (Non-Schengen), near gates C14/C15. Lounge offers direct boarding access to the planes at gate C14 and C15 without leaving the lounge."
"183","LoungeResource","Lounges","Lounge","Locations","Location","@LanguageCode1","de"
"184","LoungeResource","Lounges","Lounge","Locations","Location","@LanguageCode2","en"
"185","LoungeResource","Lounges","Lounge","Locations","Location","$1","Terminal 1, Abflugbereich C (Non-Schengen). Zugang beim Gate C16. Lounge bietet direkten Zugang ins Flugzeug für das Gates C16 ohne die Lounge zu verlassen."
"186","LoungeResource","Lounges","Lounge","Locations","Location","$2","Priority Gate C16. Terminal 1, departure area C (Non-Schengen), near gates C16. Lounge offers direct boarding access to the planes at gate C16 without leaving the lounge."
"187","LoungeResource","Lounges","Lounge","Locations","Location","@LanguageCode1","de"
"188","LoungeResource","Lounges","Lounge","Locations","Location","@LanguageCode2","en"
"189","LoungeResource","Lounges","Lounge","Locations","Location","$1","Ankunftslounge. Terminal 1, Bereich B, Ankunftsebene, direkt hinter der Gepäckausgabe (öffentlicher Bereich)"
"190","LoungeResource","Lounges","Lounge","Locations","Location","$2","Lufthansa Welcome Lounge (Arrival Lounge) - Terminal 1, arrival area B. Located immediately behind the baggage claim area (public area)."
"191","LoungeResource","Lounges","Lounge","Locations","Location","@LanguageCode1","de"
"192","LoungeResource","Lounges","Lounge","Locations","Location","@LanguageCode2","en"
"193","LoungeResource","Lounges","Lounge","Locations","Location","$1","Terminal 1, Abflugbereich A50 (Schengen), gegenüber vom Duty Free Shop, in Richtung Gate A50"
"194","LoungeResource","Lounges","Lounge","Locations","Location","$2","Senator Lounge A50 - Terminal 1, departure area A (Schengen), opposite to Duty Free Shop in direction of gate A50"
"195","LoungeResource","Lounges","Lounge","Locations","Location","@LanguageCode1","de"
"196","LoungeResource","Lounges","Lounge","Locations","Location","@LanguageCode2","en"
"197","LoungeResource","Lounges","Lounge","Locations","Location","$1","Business Lounge A26 - Terminal 1, Abflugbereich A (Schengen), bei Gate A26 eine Ebene nach oben"
"198","LoungeResource","Lounges","Lounge","Locations","Location","$2","Business Lounge A26 - Terminal 1, departure area A (Schengen), one level up at gate A26"
"199","LoungeResource","Lounges","Lounge","OpeningHours","OpeningHours","@LanguageCode1","de"
"200","LoungeResource","Lounges","Lounge","OpeningHours","OpeningHours","@LanguageCode2","en"
"201","LoungeResource","Lounges","Lounge","OpeningHours","OpeningHours","$1","05:00 - 22:00 Uhr"
"202","LoungeResource","Lounges","Lounge","OpeningHours","OpeningHours","$2","5:00 am - 10:00 pm"
"203","LoungeResource","Lounges","Lounge","OpeningHours","OpeningHours","@LanguageCode1","de"
"204","LoungeResource","Lounges","Lounge","OpeningHours","OpeningHours","@LanguageCode2","en"
"205","LoungeResource","Lounges","Lounge","OpeningHours","OpeningHours","$1","05:00 - 22:00 Uhr"
"206","LoungeResource","Lounges","Lounge","OpeningHours","OpeningHours","$2","5:00 am - 10:00 pm"
"207","LoungeResource","Lounges","Lounge","OpeningHours","OpeningHours","@LanguageCode1","de"
"208","LoungeResource","Lounges","Lounge","OpeningHours","OpeningHours","@LanguageCode2","en"
"209","LoungeResource","Lounges","Lounge","OpeningHours","OpeningHours","$1","05:00 - 22:00 Uhr"
"210","LoungeResource","Lounges","Lounge","OpeningHours","OpeningHours","$2","5:00 am - 10:00 pm"
"211","LoungeResource","Lounges","Lounge","OpeningHours","OpeningHours","@LanguageCode1","de"
"212","LoungeResource","Lounges","Lounge","OpeningHours","OpeningHours","@LanguageCode2","en"
"213","LoungeResource","Lounges","Lounge","OpeningHours","OpeningHours","$1","05:00 - 22:00 Uhr"
"214","LoungeResource","Lounges","Lounge","OpeningHours","OpeningHours","$2","5:00 am - 10:00 pm"
"215","LoungeResource","Lounges","Lounge","OpeningHours","OpeningHours","@LanguageCode1","de"
"216","LoungeResource","Lounges","Lounge","OpeningHours","OpeningHours","@LanguageCode2","en"
"217","LoungeResource","Lounges","Lounge","OpeningHours","OpeningHours","@LanguageCode3","es"
"218","LoungeResource","Lounges","Lounge","OpeningHours","OpeningHours","@LanguageCode4","fr"
"219","LoungeResource","Lounges","Lounge","OpeningHours","OpeningHours","@LanguageCode5","it"
"220","LoungeResource","Lounges","Lounge","OpeningHours","OpeningHours","@LanguageCode6","ja"
"221","LoungeResource","Lounges","Lounge","OpeningHours","OpeningHours","@LanguageCode7","ka"
"222","LoungeResource","Lounges","Lounge","OpeningHours","OpeningHours","@LanguageCode8","ko"
"223","LoungeResource","Lounges","Lounge","OpeningHours","OpeningHours","@LanguageCode9","pl"
"224","LoungeResource","Lounges","Lounge","OpeningHours","OpeningHours","@LanguageCode10","pt"
"225","LoungeResource","Lounges","Lounge","OpeningHours","OpeningHours","@LanguageCode11","ru"
"226","LoungeResource","Lounges","Lounge","OpeningHours","OpeningHours","$1","05:15 - 22:00 Uhr"
"227","LoungeResource","Lounges","Lounge","OpeningHours","OpeningHours","$2","5:15 am - 10:00 pm"
"228","LoungeResource","Lounges","Lounge","OpeningHours","OpeningHours","$3","07:00-22:30"
"229","LoungeResource","Lounges","Lounge","OpeningHours","OpeningHours","$4","07:00-22:30"
"230","LoungeResource","Lounges","Lounge","OpeningHours","OpeningHours","$5","07:00-22:30"
"231","LoungeResource","Lounges","Lounge","OpeningHours","OpeningHours","$6","07:00-22:30"
"232","LoungeResource","Lounges","Lounge","OpeningHours","OpeningHours","$7","07:00-22:30"
"233","LoungeResource","Lounges","Lounge","OpeningHours","OpeningHours","$8","07:00-22:30"
"234","LoungeResource","Lounges","Lounge","OpeningHours","OpeningHours","$9","07:00-22:30"
"235","LoungeResource","Lounges","Lounge","OpeningHours","OpeningHours","$10","07:00-22:30"
"236","LoungeResource","Lounges","Lounge","OpeningHours","OpeningHours","$11","07:00-22:30"
"237","LoungeResource","Lounges","Lounge","OpeningHours","OpeningHours","@LanguageCode1","de"
"238","LoungeResource","Lounges","Lounge","OpeningHours","OpeningHours","@LanguageCode2","en"
"239","LoungeResource","Lounges","Lounge","OpeningHours","OpeningHours","$1","05:00 - 22:00 Uhr"
"240","LoungeResource","Lounges","Lounge","OpeningHours","OpeningHours","$2","5:00 am - 10:00 pm"
"241","LoungeResource","Lounges","Lounge","OpeningHours","OpeningHours","@LanguageCode1","de"
"242","LoungeResource","Lounges","Lounge","OpeningHours","OpeningHours","@LanguageCode2","en"
"243","LoungeResource","Lounges","Lounge","OpeningHours","OpeningHours","$1","05:00 - 22:00 Uhr"
"244","LoungeResource","Lounges","Lounge","OpeningHours","OpeningHours","$2","5:00 am - 10:00 pm"
"245","LoungeResource","Lounges","Lounge","OpeningHours","OpeningHours","@LanguageCode1","de"
"246","LoungeResource","Lounges","Lounge","OpeningHours","OpeningHours","@LanguageCode2","en"
"247","LoungeResource","Lounges","Lounge","OpeningHours","OpeningHours","$1","05:15 - 22:00 Uhr"
"248","LoungeResource","Lounges","Lounge","OpeningHours","OpeningHours","$2","5:15 am - 10:00 pm"
"249","LoungeResource","Lounges","Lounge","OpeningHours","OpeningHours","@LanguageCode1","de"
"250","LoungeResource","Lounges","Lounge","OpeningHours","OpeningHours","@LanguageCode2","en"
"251","LoungeResource","Lounges","Lounge","OpeningHours","OpeningHours","$1","05:30 - 22:00 Uhr"
"252","LoungeResource","Lounges","Lounge","OpeningHours","OpeningHours","$2","5:30 am - 10:00 pm"
"253","LoungeResource","Lounges","Lounge","OpeningHours","OpeningHours","@LanguageCode1","de"
"254","LoungeResource","Lounges","Lounge","OpeningHours","OpeningHours","@LanguageCode2","en"
"255","LoungeResource","Lounges","Lounge","OpeningHours","OpeningHours","$1","06:30 - 22:00 Uhr"
"256","LoungeResource","Lounges","Lounge","OpeningHours","OpeningHours","$2","6:30 am - 10:00 pm"
"257","LoungeResource","Lounges","Lounge","OpeningHours","OpeningHours","@LanguageCode1","de"
"258","LoungeResource","Lounges","Lounge","OpeningHours","OpeningHours","@LanguageCode2","en"
"259","LoungeResource","Lounges","Lounge","OpeningHours","OpeningHours","$1","06:30 - 22:00 Uhr"
"260","LoungeResource","Lounges","Lounge","OpeningHours","OpeningHours","$2","6:30 am - 10:00 pm"
"261","LoungeResource","Lounges","Lounge","OpeningHours","OpeningHours","@LanguageCode1","de"
"262","LoungeResource","Lounges","Lounge","OpeningHours","OpeningHours","@LanguageCode2","en"
"263","LoungeResource","Lounges","Lounge","OpeningHours","OpeningHours","$1","06:30 - 22:00 Uhr"
"264","LoungeResource","Lounges","Lounge","OpeningHours","OpeningHours","$2","6:30 am - 10:00 pm"
"265","LoungeResource","Lounges","Lounge","OpeningHours","OpeningHours","@LanguageCode1","de"
"266","LoungeResource","Lounges","Lounge","OpeningHours","OpeningHours","@LanguageCode2","en"
"267","LoungeResource","Lounges","Lounge","OpeningHours","OpeningHours","$1","05:00 - 13:00 Uhr (letzter Einlass um 12:30 Uhr)<br><b>*** Nur für ankommende Lufthansa Passagiere</b><br><I>*** Zugang nur mit Interkont Bordkarte (Flug-Nr. LH 401 - LH 799) oder aus ALG, BEY, CMN, GOJ, KUF, TUN</I>"
"268","LoungeResource","Lounges","Lounge","OpeningHours","OpeningHours","$2","5:00 am - 1:00 pm (last admission at 12:30 pm)<br><b>*** for arriving Lufthansa passengers only</b><br><I>*** Access only with intercontinental boarding pass (Flight No. LH 401 - LH 799) or arrivals from ALG, BEY, CMN, GOJ, KUF, TUN</I>"
"269","LoungeResource","Lounges","Lounge","OpeningHours","OpeningHours","@LanguageCode1","de"
"270","LoungeResource","Lounges","Lounge","OpeningHours","OpeningHours","@LanguageCode2","en"
"271","LoungeResource","Lounges","Lounge","OpeningHours","OpeningHours","$1","05:00 - 22:00 Uhr"
"272","LoungeResource","Lounges","Lounge","OpeningHours","OpeningHours","$2","5:00 am - 10:00 pm"
"273","LoungeResource","Lounges","Lounge","OpeningHours","OpeningHours","@LanguageCode1","de"
"274","LoungeResource","Lounges","Lounge","OpeningHours","OpeningHours","@LanguageCode2","en"
"275","LoungeResource","Lounges","Lounge","OpeningHours","OpeningHours","$1","05:00 - 22:00 Uhr"
"276","LoungeResource","Lounges","Lounge","OpeningHours","OpeningHours","$2","5:00 am - 10:00 pm"
"277","LoungeResource","Lounges","Lounge","Features","NonSmokingLounge1",NA,"TRUE"
"278","LoungeResource","Lounges","Lounge","Features","NonSmokingLounge2",NA,"TRUE"
"279","LoungeResource","Lounges","Lounge","Features","NonSmokingLounge3",NA,"TRUE"
"280","LoungeResource","Lounges","Lounge","Features","NonSmokingLounge4",NA,"TRUE"
"281","LoungeResource","Lounges","Lounge","Features","NonSmokingLounge5",NA,"FALSE"
"282","LoungeResource","Lounges","Lounge","Features","NonSmokingLounge6",NA,"TRUE"
"283","LoungeResource","Lounges","Lounge","Features","NonSmokingLounge7",NA,"TRUE"
"284","LoungeResource","Lounges","Lounge","Features","NonSmokingLounge8",NA,"FALSE"
"285","LoungeResource","Lounges","Lounge","Features","NonSmokingLounge9",NA,"FALSE"
"286","LoungeResource","Lounges","Lounge","Features","NonSmokingLounge10",NA,"TRUE"
"287","LoungeResource","Lounges","Lounge","Features","NonSmokingLounge11",NA,"TRUE"
"288","LoungeResource","Lounges","Lounge","Features","NonSmokingLounge12",NA,"TRUE"
"289","LoungeResource","Lounges","Lounge","Features","NonSmokingLounge13",NA,"TRUE"
"290","LoungeResource","Lounges","Lounge","Features","NonSmokingLounge14",NA,"TRUE"
"291","LoungeResource","Lounges","Lounge","Features","NonSmokingLounge15",NA,"TRUE"
"292","LoungeResource","Lounges","Lounge","Features","Restrooms1",NA,"TRUE"
"293","LoungeResource","Lounges","Lounge","Features","Restrooms2",NA,"TRUE"
"294","LoungeResource","Lounges","Lounge","Features","Restrooms3",NA,"TRUE"
"295","LoungeResource","Lounges","Lounge","Features","Restrooms4",NA,"TRUE"
"296","LoungeResource","Lounges","Lounge","Features","Restrooms5",NA,"TRUE"
"297","LoungeResource","Lounges","Lounge","Features","Restrooms6",NA,"TRUE"
"298","LoungeResource","Lounges","Lounge","Features","Restrooms7",NA,"TRUE"
"299","LoungeResource","Lounges","Lounge","Features","Restrooms8",NA,"TRUE"
"300","LoungeResource","Lounges","Lounge","Features","Restrooms9",NA,"TRUE"
"301","LoungeResource","Lounges","Lounge","Features","Restrooms10",NA,"TRUE"
"302","LoungeResource","Lounges","Lounge","Features","Restrooms11",NA,"TRUE"
"303","LoungeResource","Lounges","Lounge","Features","Restrooms12",NA,"TRUE"
"304","LoungeResource","Lounges","Lounge","Features","Restrooms13",NA,"TRUE"
"305","LoungeResource","Lounges","Lounge","Features","Restrooms14",NA,"TRUE"
"306","LoungeResource","Lounges","Lounge","Features","Restrooms15",NA,"TRUE"
"307","LoungeResource","Lounges","Lounge","Features","ShowerFacilities1",NA,"TRUE"
"308","LoungeResource","Lounges","Lounge","Features","ShowerFacilities2",NA,"TRUE"
"309","LoungeResource","Lounges","Lounge","Features","ShowerFacilities3",NA,"TRUE"
"310","LoungeResource","Lounges","Lounge","Features","ShowerFacilities4",NA,"TRUE"
"311","LoungeResource","Lounges","Lounge","Features","ShowerFacilities5",NA,"TRUE"
"312","LoungeResource","Lounges","Lounge","Features","ShowerFacilities6",NA,"TRUE"
"313","LoungeResource","Lounges","Lounge","Features","ShowerFacilities7",NA,"TRUE"
"314","LoungeResource","Lounges","Lounge","Features","ShowerFacilities8",NA,"TRUE"
"315","LoungeResource","Lounges","Lounge","Features","ShowerFacilities9",NA,"TRUE"
"316","LoungeResource","Lounges","Lounge","Features","ShowerFacilities10",NA,"TRUE"
"317","LoungeResource","Lounges","Lounge","Features","ShowerFacilities11",NA,"FALSE"
"318","LoungeResource","Lounges","Lounge","Features","ShowerFacilities12",NA,"FALSE"
"319","LoungeResource","Lounges","Lounge","Features","ShowerFacilities13",NA,"TRUE"
"320","LoungeResource","Lounges","Lounge","Features","ShowerFacilities14",NA,"TRUE"
"321","LoungeResource","Lounges","Lounge","Features","ShowerFacilities15",NA,"TRUE"
"322","LoungeResource","Lounges","Lounge","Features","RelaxingRooms1",NA,"TRUE"
"323","LoungeResource","Lounges","Lounge","Features","RelaxingRooms2",NA,"FALSE"
"324","LoungeResource","Lounges","Lounge","Features","RelaxingRooms3",NA,"TRUE"
"325","LoungeResource","Lounges","Lounge","Features","RelaxingRooms4",NA,"TRUE"
"326","LoungeResource","Lounges","Lounge","Features","RelaxingRooms5",NA,"TRUE"
"327","LoungeResource","Lounges","Lounge","Features","RelaxingRooms6",NA,"TRUE"
"328","LoungeResource","Lounges","Lounge","Features","RelaxingRooms7",NA,"TRUE"
"329","LoungeResource","Lounges","Lounge","Features","RelaxingRooms8",NA,"TRUE"
"330","LoungeResource","Lounges","Lounge","Features","RelaxingRooms9",NA,"TRUE"
"331","LoungeResource","Lounges","Lounge","Features","RelaxingRooms10",NA,"FALSE"
"332","LoungeResource","Lounges","Lounge","Features","RelaxingRooms11",NA,"FALSE"
"333","LoungeResource","Lounges","Lounge","Features","RelaxingRooms12",NA,"FALSE"
"334","LoungeResource","Lounges","Lounge","Features","RelaxingRooms13",NA,"TRUE"
"335","LoungeResource","Lounges","Lounge","Features","RelaxingRooms14",NA,"TRUE"
"336","LoungeResource","Lounges","Lounge","Features","RelaxingRooms15",NA,"TRUE"
"337","LoungeResource","Lounges","Lounge","Features","MeetingRooms1",NA,"FALSE"
"338","LoungeResource","Lounges","Lounge","Features","MeetingRooms2",NA,"FALSE"
"339","LoungeResource","Lounges","Lounge","Features","MeetingRooms3",NA,"FALSE"
"340","LoungeResource","Lounges","Lounge","Features","MeetingRooms4",NA,"FALSE"
"341","LoungeResource","Lounges","Lounge","Features","MeetingRooms5",NA,"FALSE"
"342","LoungeResource","Lounges","Lounge","Features","MeetingRooms6",NA,"FALSE"
"343","LoungeResource","Lounges","Lounge","Features","MeetingRooms7",NA,"FALSE"
"344","LoungeResource","Lounges","Lounge","Features","MeetingRooms8",NA,"FALSE"
"345","LoungeResource","Lounges","Lounge","Features","MeetingRooms9",NA,"FALSE"
"346","LoungeResource","Lounges","Lounge","Features","MeetingRooms10",NA,"FALSE"
"347","LoungeResource","Lounges","Lounge","Features","MeetingRooms11",NA,"FALSE"
"348","LoungeResource","Lounges","Lounge","Features","MeetingRooms12",NA,"FALSE"
"349","LoungeResource","Lounges","Lounge","Features","MeetingRooms13",NA,"FALSE"
"350","LoungeResource","Lounges","Lounge","Features","MeetingRooms14",NA,"FALSE"
"351","LoungeResource","Lounges","Lounge","Features","MeetingRooms15",NA,"FALSE"
"352","LoungeResource","Lounges","Lounge","Features","OfficeUnits1",NA,"TRUE"
"353","LoungeResource","Lounges","Lounge","Features","OfficeUnits2",NA,"TRUE"
"354","LoungeResource","Lounges","Lounge","Features","OfficeUnits3",NA,"TRUE"
"355","LoungeResource","Lounges","Lounge","Features","OfficeUnits4",NA,"TRUE"
"356","LoungeResource","Lounges","Lounge","Features","OfficeUnits5",NA,"TRUE"
"357","LoungeResource","Lounges","Lounge","Features","OfficeUnits6",NA,"TRUE"
"358","LoungeResource","Lounges","Lounge","Features","OfficeUnits7",NA,"TRUE"
"359","LoungeResource","Lounges","Lounge","Features","OfficeUnits8",NA,"TRUE"
"360","LoungeResource","Lounges","Lounge","Features","OfficeUnits9",NA,"TRUE"
"361","LoungeResource","Lounges","Lounge","Features","OfficeUnits10",NA,"TRUE"
"362","LoungeResource","Lounges","Lounge","Features","OfficeUnits11",NA,"TRUE"
"363","LoungeResource","Lounges","Lounge","Features","OfficeUnits12",NA,"TRUE"
"364","LoungeResource","Lounges","Lounge","Features","OfficeUnits13",NA,"TRUE"
"365","LoungeResource","Lounges","Lounge","Features","OfficeUnits14",NA,"TRUE"
"366","LoungeResource","Lounges","Lounge","Features","OfficeUnits15",NA,"FALSE"
"367","LoungeResource","Lounges","Lounge","Features","CopyMachine1",NA,"TRUE"
"368","LoungeResource","Lounges","Lounge","Features","CopyMachine2",NA,"TRUE"
"369","LoungeResource","Lounges","Lounge","Features","CopyMachine3",NA,"TRUE"
"370","LoungeResource","Lounges","Lounge","Features","CopyMachine4",NA,"TRUE"
"371","LoungeResource","Lounges","Lounge","Features","CopyMachine5",NA,"TRUE"
"372","LoungeResource","Lounges","Lounge","Features","CopyMachine6",NA,"TRUE"
"373","LoungeResource","Lounges","Lounge","Features","CopyMachine7",NA,"TRUE"
"374","LoungeResource","Lounges","Lounge","Features","CopyMachine8",NA,"TRUE"
"375","LoungeResource","Lounges","Lounge","Features","CopyMachine9",NA,"TRUE"
"376","LoungeResource","Lounges","Lounge","Features","CopyMachine10",NA,"TRUE"
"377","LoungeResource","Lounges","Lounge","Features","CopyMachine11",NA,"FALSE"
"378","LoungeResource","Lounges","Lounge","Features","CopyMachine12",NA,"FALSE"
"379","LoungeResource","Lounges","Lounge","Features","CopyMachine13",NA,"TRUE"
"380","LoungeResource","Lounges","Lounge","Features","CopyMachine14",NA,"TRUE"
"381","LoungeResource","Lounges","Lounge","Features","CopyMachine15",NA,"TRUE"
"382","LoungeResource","Lounges","Lounge","Features","FaxMachine1",NA,"TRUE"
"383","LoungeResource","Lounges","Lounge","Features","FaxMachine2",NA,"TRUE"
"384","LoungeResource","Lounges","Lounge","Features","FaxMachine3",NA,"TRUE"
"385","LoungeResource","Lounges","Lounge","Features","FaxMachine4",NA,"TRUE"
"386","LoungeResource","Lounges","Lounge","Features","FaxMachine5",NA,"TRUE"
"387","LoungeResource","Lounges","Lounge","Features","FaxMachine6",NA,"TRUE"
"388","LoungeResource","Lounges","Lounge","Features","FaxMachine7",NA,"FALSE"
"389","LoungeResource","Lounges","Lounge","Features","FaxMachine8",NA,"TRUE"
"390","LoungeResource","Lounges","Lounge","Features","FaxMachine9",NA,"TRUE"
"391","LoungeResource","Lounges","Lounge","Features","FaxMachine10",NA,"TRUE"
"392","LoungeResource","Lounges","Lounge","Features","FaxMachine11",NA,"FALSE"
"393","LoungeResource","Lounges","Lounge","Features","FaxMachine12",NA,"FALSE"
"394","LoungeResource","Lounges","Lounge","Features","FaxMachine13",NA,"FALSE"
"395","LoungeResource","Lounges","Lounge","Features","FaxMachine14",NA,"TRUE"
"396","LoungeResource","Lounges","Lounge","Features","FaxMachine15",NA,"TRUE"
"397","LoungeResource","Lounges","Lounge","Features","MAMPrinter1",NA,"TRUE"
"398","LoungeResource","Lounges","Lounge","Features","MAMPrinter2",NA,"TRUE"
"399","LoungeResource","Lounges","Lounge","Features","MAMPrinter3",NA,"TRUE"
"400","LoungeResource","Lounges","Lounge","Features","MAMPrinter4",NA,"TRUE"
"401","LoungeResource","Lounges","Lounge","Features","MAMPrinter5",NA,"FALSE"
"402","LoungeResource","Lounges","Lounge","Features","MAMPrinter6",NA,"TRUE"
"403","LoungeResource","Lounges","Lounge","Features","MAMPrinter7",NA,"TRUE"
"404","LoungeResource","Lounges","Lounge","Features","MAMPrinter8",NA,"FALSE"
"405","LoungeResource","Lounges","Lounge","Features","MAMPrinter9",NA,"FALSE"
"406","LoungeResource","Lounges","Lounge","Features","MAMPrinter10",NA,"TRUE"
"407","LoungeResource","Lounges","Lounge","Features","MAMPrinter11",NA,"TRUE"
"408","LoungeResource","Lounges","Lounge","Features","MAMPrinter12",NA,"TRUE"
"409","LoungeResource","Lounges","Lounge","Features","MAMPrinter13",NA,"TRUE"
"410","LoungeResource","Lounges","Lounge","Features","MAMPrinter14",NA,"FALSE"
"411","LoungeResource","Lounges","Lounge","Features","MAMPrinter15",NA,"TRUE"
"412","LoungeResource","Lounges","Lounge","Features","CreditCardTelephone1",NA,"TRUE"
"413","LoungeResource","Lounges","Lounge","Features","CreditCardTelephone2",NA,"FALSE"
"414","LoungeResource","Lounges","Lounge","Features","CreditCardTelephone3",NA,"FALSE"
"415","LoungeResource","Lounges","Lounge","Features","CreditCardTelephone4",NA,"FALSE"
"416","LoungeResource","Lounges","Lounge","Features","CreditCardTelephone5",NA,"FALSE"
"417","LoungeResource","Lounges","Lounge","Features","CreditCardTelephone6",NA,"FALSE"
"418","LoungeResource","Lounges","Lounge","Features","CreditCardTelephone7",NA,"FALSE"
"419","LoungeResource","Lounges","Lounge","Features","CreditCardTelephone8",NA,"TRUE"
"420","LoungeResource","Lounges","Lounge","Features","CreditCardTelephone9",NA,"TRUE"
"421","LoungeResource","Lounges","Lounge","Features","CreditCardTelephone10",NA,"FALSE"
"422","LoungeResource","Lounges","Lounge","Features","CreditCardTelephone11",NA,"FALSE"
"423","LoungeResource","Lounges","Lounge","Features","CreditCardTelephone12",NA,"FALSE"
"424","LoungeResource","Lounges","Lounge","Features","CreditCardTelephone13",NA,"FALSE"
"425","LoungeResource","Lounges","Lounge","Features","CreditCardTelephone14",NA,"FALSE"
"426","LoungeResource","Lounges","Lounge","Features","CreditCardTelephone15",NA,"FALSE"
"427","LoungeResource","Lounges","Lounge","Features","FreeLocalTelephoneCalls1",NA,"FALSE"
"428","LoungeResource","Lounges","Lounge","Features","FreeLocalTelephoneCalls2",NA,"FALSE"
"429","LoungeResource","Lounges","Lounge","Features","FreeLocalTelephoneCalls3",NA,"FALSE"
"430","LoungeResource","Lounges","Lounge","Features","FreeLocalTelephoneCalls4",NA,"FALSE"
"431","LoungeResource","Lounges","Lounge","Features","FreeLocalTelephoneCalls5",NA,"FALSE"
"432","LoungeResource","Lounges","Lounge","Features","FreeLocalTelephoneCalls6",NA,"FALSE"
"433","LoungeResource","Lounges","Lounge","Features","FreeLocalTelephoneCalls7",NA,"FALSE"
"434","LoungeResource","Lounges","Lounge","Features","FreeLocalTelephoneCalls8",NA,"TRUE"
"435","LoungeResource","Lounges","Lounge","Features","FreeLocalTelephoneCalls9",NA,"TRUE"
"436","LoungeResource","Lounges","Lounge","Features","FreeLocalTelephoneCalls10",NA,"FALSE"
"437","LoungeResource","Lounges","Lounge","Features","FreeLocalTelephoneCalls11",NA,"FALSE"
"438","LoungeResource","Lounges","Lounge","Features","FreeLocalTelephoneCalls12",NA,"FALSE"
"439","LoungeResource","Lounges","Lounge","Features","FreeLocalTelephoneCalls13",NA,"FALSE"
"440","LoungeResource","Lounges","Lounge","Features","FreeLocalTelephoneCalls14",NA,"FALSE"
"441","LoungeResource","Lounges","Lounge","Features","FreeLocalTelephoneCalls15",NA,"FALSE"
"442","LoungeResource","Lounges","Lounge","Features","PCWithInternetAccess1",NA,"FALSE"
"443","LoungeResource","Lounges","Lounge","Features","PCWithInternetAccess2",NA,"FALSE"
"444","LoungeResource","Lounges","Lounge","Features","PCWithInternetAccess3",NA,"TRUE"
"445","LoungeResource","Lounges","Lounge","Features","PCWithInternetAccess4",NA,"TRUE"
"446","LoungeResource","Lounges","Lounge","Features","PCWithInternetAccess5",NA,"TRUE"
"447","LoungeResource","Lounges","Lounge","Features","PCWithInternetAccess6",NA,"FALSE"
"448","LoungeResource","Lounges","Lounge","Features","PCWithInternetAccess7",NA,"FALSE"
"449","LoungeResource","Lounges","Lounge","Features","PCWithInternetAccess8",NA,"TRUE"
"450","LoungeResource","Lounges","Lounge","Features","PCWithInternetAccess9",NA,"TRUE"
"451","LoungeResource","Lounges","Lounge","Features","PCWithInternetAccess10",NA,"FALSE"
"452","LoungeResource","Lounges","Lounge","Features","PCWithInternetAccess11",NA,"FALSE"
"453","LoungeResource","Lounges","Lounge","Features","PCWithInternetAccess12",NA,"FALSE"
"454","LoungeResource","Lounges","Lounge","Features","PCWithInternetAccess13",NA,"FALSE"
"455","LoungeResource","Lounges","Lounge","Features","PCWithInternetAccess14",NA,"TRUE"
"456","LoungeResource","Lounges","Lounge","Features","PCWithInternetAccess15",NA,"TRUE"
"457","LoungeResource","Lounges","Lounge","Features","DataPortForLaptops1",NA,"FALSE"
"458","LoungeResource","Lounges","Lounge","Features","DataPortForLaptops2",NA,"FALSE"
"459","LoungeResource","Lounges","Lounge","Features","DataPortForLaptops3",NA,"FALSE"
"460","LoungeResource","Lounges","Lounge","Features","DataPortForLaptops4",NA,"FALSE"
"461","LoungeResource","Lounges","Lounge","Features","DataPortForLaptops5",NA,"FALSE"
"462","LoungeResource","Lounges","Lounge","Features","DataPortForLaptops6",NA,"FALSE"
"463","LoungeResource","Lounges","Lounge","Features","DataPortForLaptops7",NA,"FALSE"
"464","LoungeResource","Lounges","Lounge","Features","DataPortForLaptops8",NA,"FALSE"
"465","LoungeResource","Lounges","Lounge","Features","DataPortForLaptops9",NA,"FALSE"
"466","LoungeResource","Lounges","Lounge","Features","DataPortForLaptops10",NA,"FALSE"
"467","LoungeResource","Lounges","Lounge","Features","DataPortForLaptops11",NA,"FALSE"
"468","LoungeResource","Lounges","Lounge","Features","DataPortForLaptops12",NA,"FALSE"
"469","LoungeResource","Lounges","Lounge","Features","DataPortForLaptops13",NA,"FALSE"
"470","LoungeResource","Lounges","Lounge","Features","DataPortForLaptops14",NA,"FALSE"
"471","LoungeResource","Lounges","Lounge","Features","DataPortForLaptops15",NA,"FALSE"
"472","LoungeResource","Lounges","Lounge","Features","WLANFacility1",NA,"TRUE"
"473","LoungeResource","Lounges","Lounge","Features","WLANFacility2",NA,"TRUE"
"474","LoungeResource","Lounges","Lounge","Features","WLANFacility3",NA,"TRUE"
"475","LoungeResource","Lounges","Lounge","Features","WLANFacility4",NA,"TRUE"
"476","LoungeResource","Lounges","Lounge","Features","WLANFacility5",NA,"TRUE"
"477","LoungeResource","Lounges","Lounge","Features","WLANFacility6",NA,"TRUE"
"478","LoungeResource","Lounges","Lounge","Features","WLANFacility7",NA,"TRUE"
"479","LoungeResource","Lounges","Lounge","Features","WLANFacility8",NA,"TRUE"
"480","LoungeResource","Lounges","Lounge","Features","WLANFacility9",NA,"TRUE"
"481","LoungeResource","Lounges","Lounge","Features","WLANFacility10",NA,"TRUE"
"482","LoungeResource","Lounges","Lounge","Features","WLANFacility11",NA,"TRUE"
"483","LoungeResource","Lounges","Lounge","Features","WLANFacility12",NA,"TRUE"
"484","LoungeResource","Lounges","Lounge","Features","WLANFacility13",NA,"TRUE"
"485","LoungeResource","Lounges","Lounge","Features","WLANFacility14",NA,"TRUE"
"486","LoungeResource","Lounges","Lounge","Features","WLANFacility15",NA,"TRUE"
"487","LoungeResource","Lounges","Lounge","Features","TV1",NA,"TRUE"
"488","LoungeResource","Lounges","Lounge","Features","TV2",NA,"TRUE"
"489","LoungeResource","Lounges","Lounge","Features","TV3",NA,"TRUE"
"490","LoungeResource","Lounges","Lounge","Features","TV4",NA,"TRUE"
"491","LoungeResource","Lounges","Lounge","Features","TV5",NA,"TRUE"
"492","LoungeResource","Lounges","Lounge","Features","TV6",NA,"TRUE"
"493","LoungeResource","Lounges","Lounge","Features","TV7",NA,"TRUE"
"494","LoungeResource","Lounges","Lounge","Features","TV8",NA,"TRUE"
"495","LoungeResource","Lounges","Lounge","Features","TV9",NA,"TRUE"
"496","LoungeResource","Lounges","Lounge","Features","TV10",NA,"TRUE"
"497","LoungeResource","Lounges","Lounge","Features","TV11",NA,"TRUE"
"498","LoungeResource","Lounges","Lounge","Features","TV12",NA,"TRUE"
"499","LoungeResource","Lounges","Lounge","Features","TV13",NA,"TRUE"
"500","LoungeResource","Lounges","Lounge","Features","TV14",NA,"TRUE"
"501","LoungeResource","Lounges","Lounge","Features","TV15",NA,"TRUE"
"502","LoungeResource","Lounges","Lounge","MagazinesAndNews","German1",NA,"TRUE"
"503","LoungeResource","Lounges","Lounge","MagazinesAndNews","German2",NA,"TRUE"
"504","LoungeResource","Lounges","Lounge","MagazinesAndNews","German3",NA,"TRUE"
"505","LoungeResource","Lounges","Lounge","MagazinesAndNews","German4",NA,"TRUE"
"506","LoungeResource","Lounges","Lounge","MagazinesAndNews","German5",NA,"TRUE"
"507","LoungeResource","Lounges","Lounge","MagazinesAndNews","German6",NA,"TRUE"
"508","LoungeResource","Lounges","Lounge","MagazinesAndNews","German7",NA,"TRUE"
"509","LoungeResource","Lounges","Lounge","MagazinesAndNews","German8",NA,"TRUE"
"510","LoungeResource","Lounges","Lounge","MagazinesAndNews","German9",NA,"TRUE"
"511","LoungeResource","Lounges","Lounge","MagazinesAndNews","German10",NA,"FALSE"
"512","LoungeResource","Lounges","Lounge","MagazinesAndNews","German11",NA,"TRUE"
"513","LoungeResource","Lounges","Lounge","MagazinesAndNews","German12",NA,"TRUE"
"514","LoungeResource","Lounges","Lounge","MagazinesAndNews","German13",NA,"TRUE"
"515","LoungeResource","Lounges","Lounge","MagazinesAndNews","German14",NA,"TRUE"
"516","LoungeResource","Lounges","Lounge","MagazinesAndNews","German15",NA,"TRUE"
"517","LoungeResource","Lounges","Lounge","MagazinesAndNews","International1",NA,"TRUE"
"518","LoungeResource","Lounges","Lounge","MagazinesAndNews","International2",NA,"TRUE"
"519","LoungeResource","Lounges","Lounge","MagazinesAndNews","International3",NA,"TRUE"
"520","LoungeResource","Lounges","Lounge","MagazinesAndNews","International4",NA,"TRUE"
"521","LoungeResource","Lounges","Lounge","MagazinesAndNews","International5",NA,"TRUE"
"522","LoungeResource","Lounges","Lounge","MagazinesAndNews","International6",NA,"TRUE"
"523","LoungeResource","Lounges","Lounge","MagazinesAndNews","International7",NA,"TRUE"
"524","LoungeResource","Lounges","Lounge","MagazinesAndNews","International8",NA,"TRUE"
"525","LoungeResource","Lounges","Lounge","MagazinesAndNews","International9",NA,"TRUE"
"526","LoungeResource","Lounges","Lounge","MagazinesAndNews","International10",NA,"TRUE"
"527","LoungeResource","Lounges","Lounge","MagazinesAndNews","International11",NA,"TRUE"
"528","LoungeResource","Lounges","Lounge","MagazinesAndNews","International12",NA,"TRUE"
"529","LoungeResource","Lounges","Lounge","MagazinesAndNews","International13",NA,"TRUE"
"530","LoungeResource","Lounges","Lounge","MagazinesAndNews","International14",NA,"TRUE"
"531","LoungeResource","Lounges","Lounge","MagazinesAndNews","International15",NA,"TRUE"
"532","LoungeResource","Lounges","Lounge","MagazinesAndNews","Local1",NA,"TRUE"
"533","LoungeResource","Lounges","Lounge","MagazinesAndNews","Local2",NA,"TRUE"
"534","LoungeResource","Lounges","Lounge","MagazinesAndNews","Local3",NA,"TRUE"
"535","LoungeResource","Lounges","Lounge","MagazinesAndNews","Local4",NA,"TRUE"
"536","LoungeResource","Lounges","Lounge","MagazinesAndNews","Local5",NA,"TRUE"
"537","LoungeResource","Lounges","Lounge","MagazinesAndNews","Local6",NA,"TRUE"
"538","LoungeResource","Lounges","Lounge","MagazinesAndNews","Local7",NA,"TRUE"
"539","LoungeResource","Lounges","Lounge","MagazinesAndNews","Local8",NA,"TRUE"
"540","LoungeResource","Lounges","Lounge","MagazinesAndNews","Local9",NA,"TRUE"
"541","LoungeResource","Lounges","Lounge","MagazinesAndNews","Local10",NA,"TRUE"
"542","LoungeResource","Lounges","Lounge","MagazinesAndNews","Local11",NA,"TRUE"
"543","LoungeResource","Lounges","Lounge","MagazinesAndNews","Local12",NA,"TRUE"
"544","LoungeResource","Lounges","Lounge","MagazinesAndNews","Local13",NA,"TRUE"
"545","LoungeResource","Lounges","Lounge","MagazinesAndNews","Local14",NA,"TRUE"
"546","LoungeResource","Lounges","Lounge","MagazinesAndNews","Local15",NA,"TRUE"
"547","LoungeResource","Meta","@Version",NA,NA,NA,"1.0.0"
"548","LoungeResource","Meta","Link","@Href1",NA,NA,"https://api.lufthansa.com/v1/offers/lounges/FRA"
"549","LoungeResource","Meta","Link","@Href2",NA,NA,"https://api.lufthansa.com/v1/mds-references/airports/{airportCode}"
"550","LoungeResource","Meta","Link","@Href3",NA,NA,"https://api.lufthansa.com/v1/mds-references/cities/FRA"
"551","LoungeResource","Meta","Link","@Rel1",NA,NA,"self"
"552","LoungeResource","Meta","Link","@Rel2",NA,NA,"related"
"553","LoungeResource","Meta","Link","@Rel3",NA,NA,"related"
